{

"GxObject":{"ObjectType":"BusinessComponent","Name":"Category","idConnectivitySupport":"idInherit","Structure":{"Levels":[{"Name":"Category","ParentLevel":"","LevelName":"Category","Description":"Category","Attributes":[{"Name":"CategoryId","Caption":"Categoria Id","default":"0","AutoNumber":"true","IsKey":"true","ReadOnly":"false","AttributeType":"int","Description":"Categoria Id","Length":"4","Decimals":"0","Signed":"false","AllowDBNulls":"false","Domain":"Id","InternalName":"CategoryId","InputPicture":"ZZZ9","Type":"xs:int"},{"Name":"CategoryName","Caption":"Noma da Categoria","default":"","IsKey":"false","ReadOnly":"false","AttributeType":"char","Description":"Noma da Categoria","Length":"20","Decimals":"0","Signed":"false","AllowDBNulls":"false","Domain":"Name","InternalName":"CategoryName","DescriptionAtt":"true","InputPicture":"","Type":"xs:string"}]}]},"Relations":{"ManyToOne":{"references":[]}}}
}
