{

"GxObject":{"ObjectType":"BusinessComponent","Name":"Country","idConnectivitySupport":"idInherit","Structure":{"Levels":[{"Name":"Country","ParentLevel":"","LevelName":"Country","Description":"Country","Attributes":[{"Name":"CountryId","Caption":"País Id","default":"0","AutoNumber":"true","IsKey":"true","ReadOnly":"false","AttributeType":"int","Description":"País Id","Length":"4","Decimals":"0","Signed":"false","AllowDBNulls":"false","Domain":"Id","InternalName":"CountryId","InputPicture":"ZZZ9","Type":"xs:int"},{"Name":"CountryName","Caption":"País","default":"","IsKey":"false","ReadOnly":"false","AttributeType":"char","Description":"País","Length":"20","Decimals":"0","Signed":"false","AllowDBNulls":"false","Domain":"Name","InternalName":"CountryName","DescriptionAtt":"true","InputPicture":"","Type":"xs:string"},{"Name":"CountryFlag","Caption":"Bandeira","default":"","IsKey":"false","ReadOnly":"false","AttributeType":"bits","Description":"Bandeira","Length":"4","Decimals":"0","Signed":"false","AllowDBNulls":"false","InternalName":"CountryFlag","InputPicture":"","Type":"xs:string"}]}]},"Relations":{"ManyToOne":{"references":[]}}}
}
