{

"GxObject":{"ObjectType":"BusinessComponent","Name":"Product","idConnectivitySupport":"idInherit","Structure":{"Levels":[{"Name":"Product","ParentLevel":"","LevelName":"Product","Description":"Produtos","Attributes":[{"Name":"ProductId","Caption":"Product Id","default":"0","AutoNumber":"true","IsKey":"true","ReadOnly":"false","AttributeType":"int","Description":"Product Id","Length":"4","Decimals":"0","Signed":"false","AllowDBNulls":"false","Domain":"Id","InternalName":"ProductId","InputPicture":"ZZZ9","Type":"xs:int"},{"Name":"ProductName","Caption":"Nome do Produto","default":"","IsKey":"false","ReadOnly":"false","AttributeType":"char","Description":"Nome do Produto","Length":"20","Decimals":"0","Signed":"false","AllowDBNulls":"false","Domain":"Name","InternalName":"ProductName","DescriptionAtt":"true","InputPicture":"","Type":"xs:string"},{"Name":"ProductDescription","Caption":"Descrição do Produto","default":"","IsKey":"false","ReadOnly":"false","AttributeType":"char","Description":"Descrição do Produto","Length":"50","Decimals":"0","Signed":"false","AllowDBNulls":"false","InternalName":"ProductDescription","InputPicture":"","Type":"xs:string"},{"Name":"ProductPrice","Caption":"Preço","default":"0","IsKey":"false","ReadOnly":"false","AttributeType":"int","Description":"Preço","Length":"7","Decimals":"2","Signed":"false","AllowDBNulls":"false","InternalName":"ProductPrice","InputPicture":"R$ ZZZZ9.99","Type":"xs:decimal"},{"Name":"ProductPhoto","Caption":"Foto","default":"","IsKey":"false","ReadOnly":"false","AttributeType":"bits","Description":"Foto","Length":"4","Decimals":"0","Signed":"false","AllowDBNulls":"false","InternalName":"ProductPhoto","InputPicture":"","Type":"xs:string"},{"Name":"ProductCountryID","Caption":"Pais ID","default":"0","IsKey":"false","ReadOnly":"false","AttributeType":"int","Description":"Pais ID","Length":"4","Decimals":"0","Signed":"false","AllowDBNulls":"false","Domain":"Id","InternalName":"ProductCountryID","InputPicture":"ZZZ9","Type":"xs:int"},{"Name":"ProductCountryName","Caption":"Pais Nome","default":"","IsKey":"false","ReadOnly":"true","AttributeType":"char","Description":"Pais Nome","Length":"20","Decimals":"0","Signed":"false","AllowDBNulls":"true","Domain":"Name","InternalName":"ProductCountryName","InputPicture":"","Type":"xs:string"},{"Name":"CategoryId","Caption":"Categoria Id","default":"0","IsKey":"false","ReadOnly":"false","AttributeType":"int","Description":"Categoria Id","Length":"4","Decimals":"0","Signed":"false","AllowDBNulls":"false","Domain":"Id","InternalName":"CategoryId","InputPicture":"ZZZ9","Type":"xs:int"},{"Name":"CategoryName","Caption":"Noma da Categoria","default":"","IsKey":"false","ReadOnly":"true","AttributeType":"char","Description":"Noma da Categoria","Length":"20","Decimals":"0","Signed":"false","AllowDBNulls":"true","Domain":"Name","InternalName":"CategoryName","InputPicture":"","Type":"xs:string"},{"Name":"SellerId","Caption":"Vendedor Id","default":"0","IsKey":"false","ReadOnly":"false","AttributeType":"int","Description":"Vendedor Id","Length":"4","Decimals":"0","Signed":"false","AllowDBNulls":"false","Domain":"Id","InternalName":"SellerId","InputPicture":"ZZZ9","Type":"xs:int"},{"Name":"SellerName","Caption":"Vendedor Nome","default":"","IsKey":"false","ReadOnly":"true","AttributeType":"char","Description":"Vendedor Nome","Length":"20","Decimals":"0","Signed":"false","AllowDBNulls":"true","Domain":"Name","InternalName":"SellerName","InputPicture":"","Type":"xs:string"},{"Name":"SellerPhoto","Caption":"Foto","default":"","IsKey":"false","ReadOnly":"true","AttributeType":"bits","Description":"Foto","Length":"4","Decimals":"0","Signed":"false","AllowDBNulls":"true","InternalName":"SellerPhoto","InputPicture":"","Type":"xs:string"},{"Name":"CountryId","Caption":"País Id","default":"0","IsKey":"false","ReadOnly":"true","AttributeType":"int","Description":"País Id","Length":"4","Decimals":"0","Signed":"false","AllowDBNulls":"true","Domain":"Id","InternalName":"CountryId","InputPicture":"ZZZ9","Type":"xs:int"},{"Name":"CountryName","Caption":"País","default":"","IsKey":"false","ReadOnly":"true","AttributeType":"char","Description":"País","Length":"20","Decimals":"0","Signed":"false","AllowDBNulls":"true","Domain":"Name","InternalName":"CountryName","InputPicture":"","Type":"xs:string"}]}]},"Relations":{"ManyToOne":{"references":[{"Name":"CountryCountryId","BusinessComponent":"Country","LevelName":"Product","Description":"Country","ForeignKey":{"KeyAttributes":[{"Name":"CountryId","Type":"int"}]},"InferredAttributes":{"Attributes":[{"Name":"CountryName","Type":"char"}]}},{"Name":"CountryProductCountryID","BusinessComponent":"Country","LevelName":"Product","Description":"Country","ForeignKey":{"KeyAttributes":[{"Name":"ProductCountryID","Type":"int","AtributeSuperType":"CountryId"}]},"InferredAttributes":{"Attributes":[{"Name":"ProductCountryName","Type":"char","AtributeSuperType":"CountryName"}]}},{"Name":"CategoryCategoryId","BusinessComponent":"Category","LevelName":"Product","Description":"Category","ForeignKey":{"KeyAttributes":[{"Name":"CategoryId","Type":"int"}]},"InferredAttributes":{"Attributes":[{"Name":"CategoryName","Type":"char"}]}}]}}}
}
