{

"GxObject":{"ObjectType":"BusinessComponent","Name":"ShoppingCart","idConnectivitySupport":"idInherit","Structure":{"Levels":[{"Name":"Shoppingcart","ParentLevel":"","LevelName":"ShoppingCart","Description":"Carrinho de Compras","Attributes":[{"Name":"ShoppingCartId","Caption":"Shopping Cart Id","default":"0","AutoNumber":"true","IsKey":"true","ReadOnly":"false","AttributeType":"int","Description":"Shopping Cart Id","Length":"4","Decimals":"0","Signed":"false","AllowDBNulls":"false","Domain":"Id","InternalName":"ShoppingCartId","InputPicture":"ZZZ9","Type":"xs:int"},{"Name":"ShoppingCartDate","Caption":"Shopping Cart Date","default":"","IsKey":"false","ReadOnly":"false","AttributeType":"date","Description":"Shopping Cart Date","Length":"8","Decimals":"0","Signed":"false","AllowDBNulls":"false","InternalName":"ShoppingCartDate","DescriptionAtt":"true","InputPicture":"99/99/99","Type":"xs:string"},{"Name":"ShoppingCartDateDelivery","Caption":"Shopping Cart Date Delivery","default":"","IsKey":"false","ReadOnly":"true","AttributeType":"date","Description":"Shopping Cart Date Delivery","Length":"8","Decimals":"0","Signed":"false","AllowDBNulls":"true","InternalName":"ShoppingCartDateDelivery","InputPicture":"99/99/99","Type":"xs:string"},{"Name":"CustomerId","Caption":"Cliente Id","default":"0","IsKey":"false","ReadOnly":"false","AttributeType":"int","Description":"Cliente Id","Length":"4","Decimals":"0","Signed":"false","AllowDBNulls":"false","Domain":"Id","InternalName":"CustomerId","InputPicture":"ZZZ9","Type":"xs:int"},{"Name":"CustomerName","Caption":"Nome","default":"","IsKey":"false","ReadOnly":"true","AttributeType":"char","Description":"Nome","Length":"20","Decimals":"0","Signed":"false","AllowDBNulls":"true","Domain":"Name","InternalName":"CustomerName","InputPicture":"","Type":"xs:string"},{"Name":"CountryId","Caption":"País Id","default":"0","IsKey":"false","ReadOnly":"true","AttributeType":"int","Description":"País Id","Length":"4","Decimals":"0","Signed":"false","AllowDBNulls":"true","Domain":"Id","InternalName":"CountryId","InputPicture":"ZZZ9","Type":"xs:int"},{"Name":"CountryName","Caption":"País","default":"","IsKey":"false","ReadOnly":"true","AttributeType":"char","Description":"País","Length":"20","Decimals":"0","Signed":"false","AllowDBNulls":"true","Domain":"Name","InternalName":"CountryName","InputPicture":"","Type":"xs:string"},{"Name":"CustomerAddress","Caption":"Endereço","default":"","IsKey":"false","ReadOnly":"true","AttributeType":"svchar","Description":"Endereço","Length":"1024","Decimals":"0","Signed":"false","AllowDBNulls":"true","Domain":"GeneXus\\Address","InternalName":"CustomerAddress","InputPicture":"","Type":"xs:string"},{"Name":"CustomerPhone","Caption":"Telefone","default":"","IsKey":"false","ReadOnly":"true","AttributeType":"char","Description":"Telefone","Length":"20","Decimals":"0","Signed":"false","AllowDBNulls":"true","Domain":"GeneXus\\Phone","InternalName":"CustomerPhone","InputPicture":"(99) 9999-9999","Type":"xs:string"},{"Name":"ShoppingCartFinalPrice","Caption":"Shopping Cart Final Price","default":"0","IsKey":"false","ReadOnly":"true","AttributeType":"int","Description":"Shopping Cart Final Price","Length":"9","Decimals":"2","Signed":"false","AllowDBNulls":"true","InternalName":"ShoppingCartFinalPrice","InputPicture":"$ ZZZZZZ9.99","Type":"xs:decimal"}]},{"Name":"Shoppingcartproduct","ParentLevel":"Shoppingcart","LevelName":"Product","Description":"Product","Attributes":[{"Name":"ShoppingCartId","Caption":"Shopping Cart Id","default":"0","IsKey":"true","ReadOnly":"true","AttributeType":"int","Description":"Shopping Cart Id","Length":"4","Decimals":"0","Signed":"false","AllowDBNulls":"false","Domain":"Id","InternalName":"ShoppingCartId","InputPicture":"ZZZ9","Type":"xs:int"},{"Name":"ProductId","Caption":"Product Id","default":"0","IsKey":"true","ReadOnly":"false","AttributeType":"int","Description":"Product Id","Length":"4","Decimals":"0","Signed":"false","AllowDBNulls":"false","Domain":"Id","InternalName":"ProductId","InputPicture":"ZZZ9","Type":"xs:int"},{"Name":"ProductName","Caption":"Nome do Produto","default":"","IsKey":"false","ReadOnly":"true","AttributeType":"char","Description":"Nome do Produto","Length":"20","Decimals":"0","Signed":"false","AllowDBNulls":"true","Domain":"Name","InternalName":"ProductName","InputPicture":"","Type":"xs:string"},{"Name":"ProductPrice","Caption":"Preço","default":"0","IsKey":"false","ReadOnly":"true","AttributeType":"int","Description":"Preço","Length":"7","Decimals":"2","Signed":"false","AllowDBNulls":"true","InternalName":"ProductPrice","InputPicture":"R$ ZZZZ9.99","Type":"xs:decimal"},{"Name":"QtyProduct","Caption":"Qty Product","default":"0","IsKey":"false","ReadOnly":"false","AttributeType":"int","Description":"Qty Product","Length":"4","Decimals":"0","Signed":"false","AllowDBNulls":"false","InternalName":"QtyProduct","DescriptionAtt":"true","InputPicture":"ZZZ9","Type":"xs:int"},{"Name":"TotalProduct","Caption":"Total Product","default":"0","IsKey":"false","ReadOnly":"true","AttributeType":"int","Description":"Total Product","Length":"7","Decimals":"2","Signed":"false","AllowDBNulls":"true","InternalName":"TotalProduct","InputPicture":"R$ ZZZZ9.99","Type":"xs:decimal"},{"Name":"CategoryId","Caption":"Categoria Id","default":"0","IsKey":"false","ReadOnly":"true","AttributeType":"int","Description":"Categoria Id","Length":"4","Decimals":"0","Signed":"false","AllowDBNulls":"true","Domain":"Id","InternalName":"CategoryId","InputPicture":"ZZZ9","Type":"xs:int"},{"Name":"CategoryName","Caption":"Noma da Categoria","default":"","IsKey":"false","ReadOnly":"true","AttributeType":"char","Description":"Noma da Categoria","Length":"20","Decimals":"0","Signed":"false","AllowDBNulls":"true","Domain":"Name","InternalName":"CategoryName","InputPicture":"","Type":"xs:string"}]}]},"Relations":{"ManyToOne":{"references":[{"Name":"CategoryCategoryId","BusinessComponent":"Category","LevelName":"Product","Description":"Category","ForeignKey":{"KeyAttributes":[{"Name":"CategoryId","Type":"int"}]},"InferredAttributes":{"Attributes":[{"Name":"CategoryName","Type":"char"}]}},{"Name":"ProductProductId","BusinessComponent":"Product","LevelName":"Product","Description":"Produtos","ForeignKey":{"KeyAttributes":[{"Name":"ProductId","Type":"int"}]},"InferredAttributes":{"Attributes":[{"Name":"ProductName","Type":"char"},{"Name":"ProductPrice","Type":"decimal"},{"Name":"CategoryId","Type":"int"},{"Name":"CategoryName","Type":"char"}]}},{"Name":"ShoppingCartShoppingCartId","BusinessComponent":"ShoppingCart","LevelName":"ShoppingCart","Description":"Carrinho de Compras","ForeignKey":{"KeyAttributes":[{"Name":"ShoppingCartId","Type":"int"}]},"InferredAttributes":{"Attributes":[{"Name":"ShoppingCartFinalPrice","Type":"decimal"}]}},{"Name":"CountryCountryId","BusinessComponent":"Country","LevelName":"ShoppingCart","Description":"Country","ForeignKey":{"KeyAttributes":[{"Name":"CountryId","Type":"int"}]},"InferredAttributes":{"Attributes":[{"Name":"CountryName","Type":"char"}]}}]}}}
}
