﻿<?xml version="1.0" encoding="utf-8"?>
<CallableObject guid="8e1671fb-4697-79e6-b84a-0568ad970aac" name="Category_DataProvider" description="Category_Data Provider" namespace="GeneXus.Programs">
  <Signature name="parm">
    <Parameter name="ReturnValue" accessor="out" collection="true">
      <Field name="Category" description="Category">
        <Fields>
          <Field name="CategoryId" description="Categoria Id">
            <Properties>
              <Property>
                <Name>Type</Name>
                <Value>Numeric</Value>
              </Property>
              <Property>
                <Name>Length</Name>
                <Value>4</Value>
              </Property>
            </Properties>
          </Field>
          <Field name="CategoryName" description="Noma da Categoria">
            <Properties>
              <Property>
                <Name>Type</Name>
                <Value>Character</Value>
              </Property>
              <Property>
                <Name>Length</Name>
                <Value>20</Value>
              </Property>
            </Properties>
          </Field>
        </Fields>
      </Field>
    </Parameter>
  </Signature>
</CallableObject>