﻿<?xml version="1.0" encoding="utf-8"?>
<CallableObject guid="e53b7926-e086-7add-a348-fab17971a4b5" name="Country_DataProvider" description="Country_Data Provider" namespace="GeneXus.Programs">
  <Signature name="parm">
    <Parameter name="ReturnValue" accessor="out" collection="true">
      <Field name="Country" description="Country">
        <Fields>
          <Field name="CountryId" description="País Id">
            <Properties>
              <Property>
                <Name>Type</Name>
                <Value>Numeric</Value>
              </Property>
              <Property>
                <Name>Length</Name>
                <Value>4</Value>
              </Property>
            </Properties>
          </Field>
          <Field name="CountryName" description="País">
            <Properties>
              <Property>
                <Name>Type</Name>
                <Value>Character</Value>
              </Property>
              <Property>
                <Name>Length</Name>
                <Value>20</Value>
              </Property>
            </Properties>
          </Field>
          <Field name="CountryFlag" description="Bandeira">
            <Properties>
              <Property>
                <Name>Type</Name>
                <Value>Image</Value>
              </Property>
            </Properties>
          </Field>
        </Fields>
      </Field>
    </Parameter>
  </Signature>
</CallableObject>